780,919,798,930
798,930,814,918
814,918,828,904
828,904,823,885
823,885,833,868
833,868,837,849
837,849,857,844
857,844,875,835
875,835,865,818
865,818,862,799
862,799,864,779
864,779,882,770
882,770,873,753
873,753,866,735
866,735,877,718
877,718,888,701
888,701,904,689
904,689,909,670
909,670,907,651
907,651,898,634
898,634,898,614
898,614,899,594
899,594,879,593
879,593,867,578
867,578,878,562
878,562,877,542
877,542,872,523
872,523,868,504
868,504,859,487
859,487,859,467
859,467,856,448
856,448,841,435
841,435,833,417
833,417,827,398
827,398,807,396
807,396,804,377
804,377,807,358
807,358,801,339
801,339,794,321
794,321,810,309
810,309,804,291
804,291,815,274
815,274,807,256
807,256,804,237
804,237,802,218
802,218,802,198
802,198,813,181
813,181,813,161
813,161,813,141
813,141,815,122
815,122,808,104
808,104,812,85
812,85,829,74
829,74,846,63
846,63,866,61
866,61,885,54
885,54,898,39
898,39,900,20
900,20,900,20
ENDSECTION
776,929,793,918
793,918,803,912
803,912,822,904
822,904,827,885
827,885,847,887
847,887,866,879
866,879,886,879
886,879,905,871
905,871,897,853
897,853,888,836
888,836,900,820
900,820,898,800
898,800,892,782
892,782,899,764
899,764,889,748
889,748,898,730
898,730,887,714
887,714,878,697
878,697,891,682
891,682,898,664
898,664,905,646
905,646,899,627
899,627,900,607
900,607,898,588
898,588,900,568
900,568,903,549
903,549,896,531
896,531,900,512
900,512,896,493
896,493,889,475
889,475,882,457
882,457,867,445
867,445,867,425
867,425,859,407
859,407,860,387
860,387,855,368
855,368,841,354
841,354,836,335
836,335,817,332
817,332,800,323
800,323,802,303
802,303,805,284
805,284,807,265
807,265,803,246
803,246,804,226
804,226,801,207
801,207,801,187
801,187,820,179
820,179,835,165
835,165,838,145
838,145,845,127
845,127,844,108
844,108,861,97
861,97,874,82
874,82,894,77
894,77,898,58
898,58,897,39
897,39,900,20
900,20,900,20
ENDSECTION
783,903,802,911
802,911,816,926
816,926,832,913
832,913,852,912
852,912,867,927
867,927,887,924
887,924,886,904
886,904,890,884
890,884,888,865
888,865,888,845
888,845,904,833
904,833,910,814
910,814,899,798
899,798,896,779
896,779,894,760
894,760,887,742
887,742,867,740
867,740,858,723
858,723,840,730
840,730,827,716
827,716,820,698
820,698,800,697
800,697,788,682
788,682,778,665
778,665,760,658
760,658,747,674
747,674,729,682
729,682,711,690
711,690,692,697
692,697,680,682
680,682,663,673
663,673,663,653
663,653,672,635
672,635,673,615
673,615,663,599
663,599,661,580
661,580,653,562
653,562,645,544
645,544,656,527
656,527,672,515
672,515,664,497
664,497,664,477
664,477,673,460
673,460,669,441
669,441,687,432
687,432,691,413
691,413,711,416
711,416,723,400
723,400,740,389
740,389,757,378
757,378,775,368
775,368,778,349
778,349,795,338
795,338,812,327
812,327,810,308
810,308,802,291
802,291,814,275
814,275,802,260
802,260,802,240
802,240,806,221
806,221,814,203
814,203,816,183
816,183,813,164
813,164,810,145
810,145,806,126
806,126,811,107
811,107,831,111
831,111,842,95
842,95,853,78
853,78,865,62
865,62,883,52
883,52,884,32
884,32,900,20
900,20,900,20
ENDSECTION
782,927,802,931
802,931,822,930
822,930,824,910
824,910,844,906
844,906,860,894
860,894,873,879
873,879,859,866
859,866,855,847
855,847,838,838
838,838,820,831
820,831,824,812
824,812,827,792
827,792,821,773
821,773,821,753
821,753,802,750
802,750,804,730
804,730,803,710
803,710,801,690
801,690,810,672
810,672,796,658
796,658,801,639
801,639,811,622
811,622,803,604
803,604,792,588
792,588,791,569
791,569,784,551
784,551,769,538
769,538,769,518
769,518,757,503
757,503,745,488
745,488,736,471
736,471,720,460
720,460,710,444
710,444,711,424
711,424,710,404
710,404,718,386
718,386,733,372
733,372,752,365
752,365,771,358
771,358,788,347
788,347,800,331
800,331,800,311
800,311,803,292
803,292,803,272
803,272,803,252
803,252,816,237
816,237,805,221
805,221,802,202
802,202,801,183
801,183,814,168
814,168,808,150
808,150,820,134
820,134,840,129
840,129,843,110
843,110,854,94
854,94,861,76
861,76,881,72
881,72,895,57
895,57,904,39
904,39,900,20
900,20,900,20
ENDSECTION
773,960,791,971
791,971,810,964
810,964,821,947
821,947,838,935
838,935,856,925
856,925,876,925
876,925,876,905
876,905,861,892
861,892,842,886
842,886,822,884
822,884,810,869
810,869,820,852
820,852,840,847
840,847,846,828
846,828,866,828
866,828,876,811
876,811,890,805
890,805,890,785
890,785,900,768
900,768,899,748
899,748,887,733
887,733,870,723
870,723,866,704
866,704,851,691
851,691,844,673
844,673,826,681
826,681,807,685
807,685,790,696
790,696,774,685
774,685,758,696
758,696,739,691
739,691,720,685
720,685,708,670
708,670,690,679
690,679,678,664
678,664,667,648
667,648,660,630
660,630,661,610
661,610,669,592
669,592,679,575
679,575,675,556
675,556,672,537
672,537,654,529
654,529,637,520
637,520,628,503
628,503,642,489
642,489,655,474
655,474,659,455
659,455,658,436
658,436,650,418
650,418,666,406
666,406,686,403
686,403,698,387
698,387,711,372
711,372,730,381
730,381,750,379
750,379,770,384
770,384,776,365
776,365,788,349
788,349,808,348
808,348,816,330
816,330,814,311
814,311,809,292
809,292,801,274
801,274,803,254
803,254,808,235
808,235,802,217
802,217,809,199
809,199,805,180
805,180,807,160
807,160,808,140
808,140,811,121
811,121,830,114
830,114,849,121
849,121,862,106
862,106,862,86
862,86,866,67
866,67,882,55
882,55,894,39
894,39,900,20
900,20,900,20
ENDSECTION
783,953,802,945
802,945,822,941
822,941,842,938
842,938,839,919
839,919,857,911
857,911,873,898
873,898,888,884
888,884,885,864
885,864,878,846
878,846,864,832
864,832,869,813
869,813,886,802
886,802,887,782
887,782,888,762
888,762,883,743
883,743,866,734
866,734,862,715
862,715,865,696
865,696,849,685
849,685,831,678
831,678,816,665
816,665,803,650
803,650,801,642
801,642,784,632
784,632,765,636
765,636,748,626
748,626,731,616
731,616,740,598
740,598,725,586
725,586,707,578
707,578,696,562
696,562,698,542
698,542,708,525
708,525,700,507
700,507,700,487
700,487,702,468
702,468,699,449
699,449,718,441
718,441,735,431
735,431,739,412
739,412,759,412
759,412,773,398
773,398,767,379
767,379,777,362
777,362,793,349
793,349,798,330
798,330,809,313
809,313,803,294
803,294,801,275
801,275,814,260
814,260,810,241
810,241,806,222
806,222,802,203
802,203,802,183
802,183,806,164
806,164,820,150
820,150,835,137
835,137,830,118
830,118,832,99
832,99,844,83
844,83,845,63
845,63,865,57
865,57,882,45
882,45,881,26
881,26,900,20
900,20,900,20
ENDSECTION
699,909,684,922
684,922,667,912
667,912,657,930
657,930,645,946
645,946,628,936
628,936,613,923
613,923,597,912
597,912,580,922
580,922,564,911
564,911,550,898
550,898,549,878
549,878,536,864
536,864,517,868
517,868,513,849
513,849,502,833
502,833,491,817
491,817,477,804
477,804,459,796
459,796,451,778
451,778,441,762
441,762,424,753
424,753,411,739
411,739,398,725
398,725,378,728
378,728,367,712
367,712,347,714
347,714,334,700
334,700,332,681
332,681,348,669
348,669,356,651
356,651,359,632
359,632,353,613
353,613,334,608
334,608,317,599
317,599,320,580
320,580,314,562
314,562,321,544
321,544,341,542
341,542,346,523
346,523,345,503
345,503,347,483
347,483,358,467
358,467,376,478
376,478,389,463
389,463,409,469
409,469,426,459
426,459,446,464
446,464,465,458
465,458,481,446
481,446,500,440
500,440,518,431
518,431,532,417
532,417,546,403
546,403,553,385
553,385,566,370
566,370,581,357
581,357,599,367
599,367,615,355
615,355,634,364
634,364,650,352
650,352,670,355
670,355,690,352
690,352,709,346
709,346,728,340
728,340,744,328
744,328,764,324
764,324,782,314
782,314,802,312
802,312,813,295
813,295,802,279
802,279,801,259
801,259,820,251
820,251,825,232
825,232,811,218
811,218,808,199
808,199,813,180
813,180,803,164
803,164,815,148
815,148,810,129
810,129,812,110
812,110,814,90
814,90,830,77
830,77,835,58
835,58,847,42
847,42,867,44
867,44,882,30
882,30,900,20
900,20,900,20
ENDSECTION
700,906,680,911
680,911,665,925
665,925,662,945
662,945,653,963
653,963,638,977
638,977,624,964
624,964,617,946
617,946,599,939
599,939,579,939
579,939,564,926
564,926,544,922
544,922,534,905
534,905,527,886
527,886,538,869
538,869,530,851
530,851,525,853
525,853,514,837
514,837,500,824
500,824,481,821
481,821,472,804
472,804,460,789
460,789,445,777
445,777,429,767
429,767,413,757
413,757,403,740
403,740,410,721
410,721,419,703
419,703,417,684
417,684,414,665
414,665,430,653
430,653,434,634
434,634,449,620
449,620,452,601
452,601,454,582
454,582,469,568
469,568,487,559
487,559,496,541
496,541,511,528
511,528,520,510
520,510,539,504
539,504,558,498
558,498,572,484
572,484,592,490
592,490,607,477
607,477,627,472
627,472,645,463
645,463,639,445
639,445,642,426
642,426,661,419
661,419,680,411
680,411,700,416
700,416,707,398
707,398,723,386
723,386,729,367
729,367,739,350
739,350,757,342
757,342,774,331
774,331,794,330
794,330,811,319
811,319,809,300
809,300,807,281
807,281,804,262
804,262,805,242
805,242,801,223
801,223,801,203
801,203,812,187
812,187,803,170
803,170,804,150
804,150,807,131
807,131,808,111
808,111,804,92
804,92,818,77
818,77,838,82
838,82,853,69
853,69,873,68
873,68,887,54
887,54,886,34
886,34,900,20
900,20,900,20
ENDSECTION
778,960,793,947
793,947,813,950
813,950,831,940
831,940,851,936
851,936,862,920
862,920,879,909
879,909,867,894
867,894,873,875
873,875,876,855
876,855,857,850
857,850,843,837
843,837,840,818
840,818,850,801
850,801,867,790
867,790,859,772
859,772,853,754
853,754,854,734
854,734,835,729
835,729,841,710
841,710,823,703
823,703,822,684
822,684,807,672
807,672,799,654
799,654,783,644
783,644,768,632
768,632,754,619
754,619,767,604
767,604,764,585
764,585,766,565
766,565,754,550
754,550,767,535
767,535,764,516
764,516,769,497
769,497,783,483
783,483,781,463
781,463,786,444
786,444,795,426
795,426,778,417
778,417,776,397
776,397,774,378
774,378,780,359
780,359,773,341
773,341,788,327
788,327,805,315
805,315,809,296
809,296,809,276
809,276,802,258
802,258,818,246
818,246,807,230
807,230,804,211
804,211,805,191
805,191,801,172
801,172,819,163
819,163,834,149
834,149,823,132
823,132,831,114
831,114,822,97
822,97,839,86
839,86,852,71
852,71,872,69
872,69,886,55
886,55,887,35
887,35,900,20
900,20,900,20
ENDSECTION
786,901,800,916
800,916,814,902
814,902,833,893
833,893,838,891
838,891,858,891
858,891,878,886
878,886,886,868
886,868,896,851
896,851,914,842
914,842,922,824
922,824,915,806
915,806,897,800
897,800,888,783
888,783,878,766
878,766,864,752
864,752,844,750
844,750,830,736
830,736,836,717
836,717,851,703
851,703,847,684
847,684,840,666
840,666,858,656
858,656,864,637
864,637,870,618
870,618,851,613
851,613,849,594
849,594,841,576
841,576,833,558
833,558,816,549
816,549,810,531
810,531,800,514
800,514,790,497
790,497,784,478
784,478,770,465
770,465,759,449
759,449,749,432
749,432,766,421
766,421,773,403
773,403,787,389
787,389,789,369
789,369,808,362
808,362,817,344
817,344,822,325
822,325,814,307
814,307,819,288
819,288,817,269
817,269,810,251
810,251,817,233
817,233,808,216
808,216,820,200
820,200,813,182
813,182,805,164
805,164,818,149
818,149,816,130
816,130,834,121
834,121,854,116
854,116,851,97
851,97,870,89
870,89,875,70
875,70,877,51
877,51,885,33
885,33,900,20
900,20,900,20
ENDSECTION
790,929,794,909
794,909,814,904
814,904,822,886
822,886,831,868
831,868,848,857
848,857,862,843
862,843,854,825
854,825,863,808
863,808,863,788
863,788,870,769
870,769,877,755
877,755,861,744
861,744,841,744
841,744,825,733
825,733,817,715
817,715,806,699
806,699,786,699
786,699,766,698
766,698,747,696
747,696,728,699
728,699,713,687
713,687,697,676
697,676,695,657
695,657,679,647
679,647,660,643
660,643,640,643
640,643,631,626
631,626,623,608
623,608,615,590
615,590,601,577
601,577,591,561
591,561,586,542
586,542,572,528
572,528,560,513
560,513,574,499
574,499,584,482
584,482,594,465
594,465,613,459
613,459,629,447
629,447,623,429
623,429,620,410
620,410,639,403
639,403,647,385
647,385,653,366
653,366,670,355
670,355,690,358
690,358,707,369
707,369,726,363
726,363,741,349
741,349,760,342
760,342,779,335
779,335,786,317
786,317,800,303
800,303,814,289
814,289,807,271
807,271,818,255
818,255,808,239
808,239,801,221
801,221,817,209
817,209,821,190
821,190,811,174
811,174,811,154
811,154,808,135
808,135,802,117
802,117,814,101
814,101,831,90
831,90,851,88
851,88,870,81
870,81,873,61
873,61,886,46
886,46,905,39
905,39,900,20
900,20,900,20
ENDSECTION
787,915,807,914
807,914,818,897
818,897,826,879
826,879,820,860
820,860,840,858
840,858,859,851
859,851,879,850
879,850,893,836
893,836,887,818
887,818,897,801
897,801,897,781
897,781,877,781
877,781,858,778
858,778,852,759
852,759,853,739
853,739,845,721
845,721,833,706
833,706,827,688
827,688,813,674
813,674,803,657
803,657,785,649
785,649,767,643
767,643,749,650
749,650,733,662
733,662,714,659
714,659,699,647
699,647,682,638
682,638,682,618
682,618,690,599
690,599,685,580
685,580,681,561
681,561,665,550
665,550,673,532
673,532,663,515
663,515,660,496
660,496,649,480
649,480,642,462
642,462,658,450
658,450,655,431
655,431,660,412
660,412,661,392
661,392,670,374
670,374,688,366
688,366,705,355
705,355,714,338
714,338,733,331
733,331,743,314
743,314,762,306
762,306,782,307
782,307,802,306
802,306,809,287
809,287,817,269
817,269,828,253
828,253,825,234
825,234,816,217
816,217,803,202
803,202,803,182
803,182,808,163
808,163,805,144
805,144,825,140
825,140,826,120
826,120,836,103
836,103,855,97
855,97,850,78
850,78,858,60
858,60,872,46
872,46,882,29
882,29,900,20
900,20,900,20
ENDSECTION
789,953,799,936
799,936,819,937
819,937,831,921
831,921,851,916
851,916,869,907
869,907,886,895
886,895,893,876
893,876,876,866
876,866,862,853
862,853,847,845
847,845,834,831
834,831,829,812
829,812,847,803
847,803,849,783
849,783,856,765
856,765,875,757
875,757,874,737
874,737,866,719
866,719,867,708
867,708,861,689
861,689,850,673
850,673,846,654
846,654,850,635
850,635,854,616
854,616,834,613
834,613,826,595
826,595,824,576
824,576,810,563
810,563,822,547
822,547,815,529
815,529,801,516
801,516,813,500
813,500,815,480
815,480,811,461
811,461,805,443
805,443,801,424
801,424,797,405
797,405,797,385
797,385,788,368
788,368,805,358
805,358,801,339
801,339,816,326
816,326,836,320
836,320,832,301
832,301,839,282
839,282,851,266
851,266,850,247
850,247,853,228
853,228,851,209
851,209,834,201
834,201,832,182
832,182,837,163
837,163,836,144
836,144,848,128
848,128,855,109
855,109,845,92
845,92,855,74
855,74,874,67
874,67,873,47
873,47,890,37
890,37,900,20
900,20,900,20
ENDSECTION
700,983,687,969
687,969,684,952
684,952,668,964
668,964,650,956
650,956,651,936
651,936,636,923
636,923,618,916
618,916,600,909
600,909,599,889
599,889,599,869
599,869,593,850
593,850,598,831
598,831,598,811
598,811,589,794
589,794,575,781
575,781,563,766
563,766,545,774
545,774,530,761
530,761,530,741
530,741,534,722
534,722,528,703
528,703,518,686
518,686,517,667
517,667,533,655
533,655,552,648
552,648,561,631
561,631,581,629
581,629,597,642
597,642,617,641
617,641,626,623
626,623,645,616
645,616,665,614
665,614,685,613
685,613,705,617
705,617,725,612
725,612,730,593
730,593,748,585
748,585,766,576
766,576,764,557
764,557,750,543
750,543,756,524
756,524,747,507
747,507,738,490
738,490,755,479
755,479,751,460
751,460,767,448
767,448,779,432
779,432,786,414
786,414,791,395
791,395,782,378
782,378,779,359
779,359,796,348
796,348,809,333
809,333,819,316
819,316,812,298
812,298,801,282
801,282,815,268
815,268,825,251
825,251,822,232
822,232,804,224
804,224,804,204
804,204,804,184
804,184,815,167
815,167,812,148
812,148,816,129
816,129,826,112
826,112,811,100
811,100,809,81
809,81,827,71
827,71,838,54
838,54,841,35
841,35,860,29
860,29,880,25
880,25,900,20
900,20,900,20
ENDSECTION
788,910,808,907
808,907,828,903
828,903,826,883
826,883,808,875
808,875,804,856
804,856,805,836
805,836,801,817
801,817,802,797
802,797,804,777
804,777,821,766
821,766,836,752
836,752,826,736
826,736,826,716
826,716,828,696
828,696,815,681
815,681,796,687
796,687,777,683
777,683,759,675
759,675,747,659
747,659,751,640
751,640,758,621
758,621,750,603
750,603,756,584
756,584,739,575
739,575,729,559
729,559,717,544
717,544,730,529
730,529,731,509
731,509,727,490
727,490,724,471
724,471,714,454
714,454,729,441
729,441,745,429
745,429,750,410
750,410,744,392
744,392,758,378
758,378,766,360
766,360,785,352
785,352,780,333
780,333,787,315
787,315,802,302
802,302,803,282
803,282,810,264
810,264,808,245
808,245,807,226
807,226,808,206
808,206,803,187
803,187,810,169
810,169,817,150
817,150,806,134
806,134,801,115
801,115,802,95
802,95,808,76
808,76,824,64
824,64,844,63
844,63,864,62
864,62,883,56
883,56,894,39
894,39,900,20
900,20,900,20
ENDSECTION
789,909,809,913
809,913,825,900
825,900,834,882
834,882,828,863
828,863,845,853
845,853,865,851
865,851,884,859
884,859,893,841
893,841,895,821
895,821,880,808
880,808,870,792
870,792,878,774
878,774,875,755
875,755,883,737
883,737,890,719
890,719,908,710
908,710,910,690
910,690,894,679
894,679,893,659
893,659,888,640
888,640,880,622
880,622,882,602
882,602,864,593
864,593,845,589
845,589,830,576
830,576,820,560
820,560,810,543
810,543,793,534
793,534,777,523
777,523,759,530
759,530,740,535
740,535,733,517
733,517,722,501
722,501,726,482
726,482,718,464
718,464,706,449
706,449,717,432
717,432,711,414
711,414,725,400
725,400,745,398
745,398,761,386
761,386,753,368
753,368,757,349
757,349,771,335
771,335,789,325
789,325,807,315
807,315,805,296
805,296,811,277
811,277,808,258
808,258,803,239
803,239,812,221
812,221,811,202
811,202,812,182
812,182,812,162
812,162,827,148
827,148,840,133
840,133,854,119
854,119,868,105
868,105,871,86
871,86,884,71
884,71,878,53
878,53,890,37
890,37,900,20
900,20,900,20
ENDSECTION
775,957,792,969
792,969,808,956
808,956,827,950
827,950,822,931
822,931,821,911
821,911,814,892
814,892,816,872
816,872,821,853
821,853,828,854
828,854,845,843
845,843,853,825
853,825,844,808
844,808,861,796
861,796,870,779
870,779,883,763
883,763,891,745
891,745,910,737
910,737,908,718
908,718,903,699
903,699,909,680
909,680,899,663
899,663,895,644
895,644,878,634
878,634,868,617
868,617,855,603
855,603,839,592
839,592,822,582
822,582,803,588
803,588,784,585
784,585,767,575
767,575,758,558
758,558,749,541
749,541,737,526
737,526,719,518
719,518,714,499
714,499,711,480
711,480,703,462
703,462,702,442
702,442,696,423
696,423,714,414
714,414,713,394
713,394,732,387
732,387,740,369
740,369,760,367
760,367,779,360
779,360,794,347
794,347,803,329
803,329,818,316
818,316,816,296
816,296,819,277
819,277,806,262
806,262,806,242
806,242,812,223
812,223,810,204
810,204,813,185
813,185,831,176
831,176,833,157
833,157,832,138
832,138,832,118
832,118,830,99
830,99,846,87
846,87,861,74
861,74,859,55
859,55,876,44
876,44,896,39
896,39,900,20
900,20,900,20
ENDSECTION
787,939,801,924
801,924,821,918
821,918,841,918
841,918,855,903
855,903,867,887
867,887,851,876
851,876,840,860
840,860,852,844
852,844,840,829
840,829,826,816
826,816,818,798
818,798,820,778
820,778,828,760
828,760,847,752
847,752,862,739
862,739,872,722
872,722,871,702
871,702,868,683
868,683,851,673
851,673,833,664
833,664,814,658
814,658,801,673
801,673,795,693
795,693,776,698
776,698,757,695
757,695,742,683
742,683,730,668
730,668,711,675
711,675,701,658
701,658,683,652
683,652,676,634
676,634,693,624
693,624,701,606
701,606,689,591
689,591,686,572
686,572,670,561
670,561,682,545
682,545,687,526
687,526,679,508
679,508,676,489
676,489,682,470
682,470,680,451
680,451,670,434
670,434,686,421
686,421,698,405
698,405,710,389
710,389,730,385
730,385,734,366
734,366,754,366
754,366,771,355
771,355,786,342
786,342,806,339
806,339,812,320
812,320,823,303
823,303,813,286
813,286,810,267
810,267,806,248
806,248,802,229
802,229,809,210
809,210,803,192
803,192,810,174
810,174,802,168
802,168,810,150
810,150,820,133
820,133,816,114
816,114,830,99
830,99,850,93
850,93,856,74
856,74,866,57
866,57,885,50
885,50,902,39
902,39,900,20
900,20,900,20
ENDSECTION
785,931,805,933
805,933,812,915
812,915,809,895
809,895,825,883
825,883,843,874
843,874,854,858
854,858,869,845
869,845,879,828
879,828,868,812
868,812,883,799
883,799,882,779
882,779,874,761
874,761,857,751
857,751,844,737
844,737,841,718
841,718,843,698
843,698,838,679
838,679,848,662
848,662,842,643
842,643,845,624
845,624,846,604
846,604,843,584
843,584,858,570
858,570,856,551
856,551,854,532
854,532,845,515
845,515,837,498
837,498,832,479
832,479,819,464
819,464,801,471
801,471,789,456
789,456,770,452
770,452,758,437
758,437,765,418
765,418,783,409
783,409,774,392
774,392,787,377
787,377,798,360
798,360,793,341
793,341,810,330
810,330,803,312
803,312,809,293
809,293,823,279
823,279,810,265
810,265,804,247
804,247,817,231
817,231,833,219
833,219,836,200
836,200,827,183
827,183,821,165
821,165,833,149
833,149,848,136
848,136,849,116
849,116,866,105
866,105,868,86
868,86,869,66
869,66,881,50
881,50,899,40
899,40,900,20
900,20,900,20
ENDSECTION
784,918,804,923
804,923,820,911
820,911,817,895
817,895,820,875
820,875,811,858
811,858,812,838
812,838,817,819
817,819,805,804
805,804,812,786
812,786,804,768
804,768,811,750
811,750,818,731
818,731,803,719
803,719,810,700
810,700,808,681
808,681,816,663
816,663,828,647
828,647,823,628
823,628,834,611
834,611,825,594
825,594,828,575
828,575,823,556
823,556,826,536
826,536,823,517
823,517,827,498
827,498,827,478
827,478,821,459
821,459,812,442
812,442,800,427
800,427,803,408
803,408,800,389
800,389,798,370
798,370,795,350
795,350,804,333
804,333,811,315
811,315,806,296
806,296,809,277
809,277,807,258
807,258,802,239
802,239,801,220
801,220,804,201
804,201,819,188
819,188,823,169
823,169,840,159
840,159,860,156
860,156,873,141
873,141,878,122
878,122,875,103
875,103,870,84
870,84,863,66
863,66,879,54
879,54,888,36
888,36,900,20
900,20,900,20
ENDSECTION
789,936,805,923
805,923,822,912
822,912,837,898
837,898,857,897
857,897,872,884
872,884,867,865
867,865,855,849
855,849,853,830
853,830,865,814
865,814,876,797
876,797,879,778
879,778,882,758
882,758,876,739
876,739,870,720
870,720,859,704
859,704,839,707
839,707,825,693
825,693,805,693
805,693,799,674
799,674,792,667
792,667,795,648
795,648,789,630
789,630,788,610
788,610,801,595
801,595,792,578
792,578,802,561
802,561,805,542
805,542,811,523
811,523,808,504
808,504,813,485
813,485,826,470
826,470,839,455
839,455,829,439
829,439,832,420
832,420,828,401
828,401,820,384
820,384,816,365
816,365,815,346
815,346,811,327
811,327,821,310
821,310,810,294
810,294,805,275
805,275,815,258
815,258,807,240
807,240,806,220
806,220,803,201
803,201,805,182
805,182,807,163
807,163,806,144
806,144,817,127
817,127,833,115
833,115,843,98
843,98,834,81
834,81,843,63
843,63,855,47
855,47,875,43
875,43,880,24
880,24,900,20
900,20,900,20
ENDSECTION
781,927,800,920
800,920,802,900
802,900,801,880
801,880,811,863
811,863,816,844
816,844,836,840
836,840,839,820
839,820,847,802
847,802,841,784
841,784,835,765
835,765,826,748
826,748,808,741
808,741,809,721
809,721,809,701
809,701,804,682
804,682,789,670
789,670,769,671
769,671,761,653
761,653,750,637
750,637,739,621
739,621,749,604
749,604,733,593
733,593,729,574
729,574,716,560
716,560,719,541
719,541,708,525
708,525,706,505
706,505,698,487
698,487,716,477
716,477,718,457
718,457,738,458
738,458,758,454
758,454,764,435
764,435,777,420
777,420,775,401
775,401,792,390
792,390,793,370
793,370,807,355
807,355,819,339
819,339,819,319
819,319,834,306
834,306,854,304
854,304,863,287
863,287,858,268
858,268,860,249
860,249,862,230
862,230,876,216
876,216,888,200
888,200,895,182
895,182,895,162
895,162,906,145
906,145,903,126
903,126,901,107
901,107,898,88
898,88,878,89
878,89,878,69
878,69,875,50
875,50,884,32
884,32,900,20
900,20,900,20
ENDSECTION
788,928,800,912
800,912,820,908
820,908,826,889
826,889,839,874
839,874,847,856
847,856,862,843
862,843,850,828
850,828,857,809
857,809,851,790
851,790,847,771
847,771,846,751
846,751,862,739
862,739,852,722
852,722,843,705
843,705,845,686
845,686,850,667
850,667,863,662
863,662,864,642
864,642,857,624
857,624,852,605
852,605,848,586
848,586,859,569
859,569,856,550
856,550,855,530
855,530,840,517
840,517,836,498
836,498,829,480
829,480,832,461
832,461,825,443
825,443,822,424
822,424,820,405
820,405,812,388
812,388,806,370
806,370,791,358
791,358,795,339
795,339,792,320
792,320,806,306
806,306,807,286
807,286,811,267
811,267,815,248
815,248,805,231
805,231,804,212
804,212,805,192
805,192,806,172
806,172,816,155
816,155,814,136
814,136,830,123
830,123,847,113
847,113,857,96
857,96,857,76
857,76,858,56
858,56,873,43
873,43,880,24
880,24,900,20
900,20,900,20
ENDSECTION
781,964,799,954
799,954,819,959
819,959,839,957
839,957,854,943
854,943,850,923
850,923,834,912
834,912,834,892
834,892,839,873
839,873,852,858
852,858,864,842
864,842,860,823
860,823,843,813
843,813,841,793
841,793,830,777
830,777,842,761
842,761,831,745
831,745,819,730
819,730,820,710
820,710,819,690
819,690,799,690
799,690,784,677
784,677,795,660
795,660,784,644
784,644,788,625
788,625,787,605
787,605,805,596
805,596,809,577
809,577,795,563
795,563,795,543
795,543,789,525
789,525,785,506
785,506,786,486
786,486,789,467
789,467,788,448
788,448,796,430
796,430,806,413
806,413,801,394
801,394,800,375
800,375,800,355
800,355,794,337
794,337,808,323
808,323,804,304
804,304,806,285
806,285,818,269
818,269,812,251
812,251,811,232
811,232,806,213
806,213,821,200
821,200,834,185
834,185,843,167
843,167,850,149
850,149,861,132
861,132,858,113
858,113,855,94
855,94,844,78
844,78,847,59
847,59,867,62
867,62,883,50
883,50,900,40
900,40,900,20
900,20,900,20
ENDSECTION
774,960,791,972
791,972,811,970
811,970,829,961
829,961,849,960
849,960,853,940
853,940,859,921
859,921,879,925
879,925,885,906
885,906,897,890
897,890,899,870
899,870,884,858
884,858,890,839
890,839,885,820
885,820,872,805
872,805,875,786
875,786,882,768
882,768,877,749
877,749,862,736
862,736,851,720
851,720,857,701
857,701,848,684
848,684,842,665
842,665,831,649
831,649,814,640
814,640,795,643
795,643,777,651
777,651,759,658
759,658,740,665
740,665,721,660
721,660,709,645
709,645,694,633
694,633,683,617
683,617,671,602
671,602,677,583
677,583,686,565
686,565,702,553
702,553,714,537
714,537,705,520
705,520,709,501
709,501,715,482
715,482,698,473
698,473,687,457
687,457,700,442
700,442,703,423
703,423,707,404
707,404,727,399
727,399,744,388
744,388,736,370
736,370,748,354
748,354,752,335
752,335,762,318
762,318,780,308
780,308,800,304
800,304,801,284
801,284,819,276
819,276,833,262
833,262,832,243
832,243,834,224
834,224,838,205
838,205,839,185
839,185,839,165
839,165,830,147
830,147,842,131
842,131,858,119
858,119,858,99
858,99,870,83
870,83,878,65
878,65,875,46
875,46,881,27
881,27,900,20
900,20,900,20
ENDSECTION
776,947,794,937
794,937,808,922
808,922,825,913
825,913,842,925
842,925,861,918
861,918,879,908
879,908,884,889
884,889,893,871
893,871,885,853
885,853,870,841
870,841,857,827
857,827,837,829
837,829,834,810
834,810,843,792
843,792,849,773
849,773,869,777
869,777,879,760
879,760,880,740
880,740,866,727
866,727,859,709
859,709,853,690
853,690,846,672
846,672,840,654
840,654,831,637
831,637,824,619
824,619,823,599
823,599,836,583
836,583,852,585
852,585,847,566
847,566,839,549
839,549,836,530
836,530,849,515
849,515,834,502
834,502,847,487
847,487,858,470
858,470,861,450
861,450,860,430
860,430,857,411
857,411,837,413
837,413,835,394
835,394,829,376
829,376,826,357
826,357,823,337
823,337,811,322
811,322,802,305
802,305,816,291
816,291,815,272
815,272,819,253
819,253,802,244
802,244,806,225
806,225,801,206
801,206,810,189
810,189,808,170
808,170,826,160
826,160,836,143
836,143,851,130
851,130,852,110
852,110,859,92
859,92,879,89
879,89,885,70
885,70,902,59
902,59,903,39
903,39,900,20
900,20,900,20
ENDSECTION
785,979,804,971
804,971,823,964
823,964,842,958
842,958,854,958
854,958,841,943
841,943,828,929
828,929,828,909
828,909,819,892
819,892,824,873
824,873,844,875
844,875,854,858
854,858,867,843
867,843,864,823
864,823,865,803
865,803,883,793
883,793,901,783
901,783,891,766
891,766,896,747
896,747,883,733
883,733,882,713
882,713,895,698
895,698,901,679
901,679,907,660
907,660,891,648
891,648,896,629
896,629,877,623
877,623,875,603
875,603,872,584
872,584,867,565
867,565,871,546
871,546,861,529
861,529,856,510
856,510,858,491
858,491,849,474
849,474,850,454
850,454,856,435
856,435,851,416
851,416,853,396
853,396,853,376
853,376,836,366
836,366,834,347
834,347,820,333
820,333,805,321
805,321,807,301
807,301,808,281
808,281,809,261
809,261,817,243
817,243,817,223
817,223,802,211
802,211,802,191
802,191,807,172
807,172,806,153
806,153,804,134
804,134,823,127
823,127,824,107
824,107,840,94
840,94,849,77
849,77,866,67
866,67,870,48
870,48,885,34
885,34,900,20
900,20,900,20
ENDSECTION
690,949,674,961
674,961,655,968
655,968,637,961
637,961,621,951
621,951,610,937
610,937,611,917
611,917,594,907
594,907,592,887
592,887,575,878
575,878,556,873
556,873,537,867
537,867,518,863
518,863,502,852
502,852,485,844
485,844,465,842
465,842,465,822
465,822,471,803
471,803,453,796
453,796,436,787
436,787,436,767
436,767,421,755
421,755,426,736
426,736,428,716
428,716,427,697
427,697,423,678
423,678,409,664
409,664,415,645
415,645,426,628
426,628,423,609
423,609,441,599
441,599,453,583
453,583,463,566
463,566,483,563
483,563,490,544
490,544,509,537
509,537,518,520
518,520,538,515
538,515,558,516
558,516,571,501
571,501,586,488
586,488,605,480
605,480,610,461
610,461,611,441
611,441,623,425
623,425,639,413
639,413,655,401
655,401,671,389
671,389,691,391
691,391,707,379
707,379,726,373
726,373,746,378
746,378,766,381
766,381,779,366
779,366,792,351
792,351,807,338
807,338,807,318
807,318,802,299
802,299,807,280
807,280,801,262
801,262,808,244
808,244,804,225
804,225,803,205
803,205,812,187
812,187,818,168
818,168,813,149
813,149,809,130
809,130,821,114
821,114,819,95
819,95,830,79
830,79,845,65
845,65,865,67
865,67,880,53
880,53,885,34
885,34,900,20
900,20,900,20
ENDSECTION
788,935,806,925
806,925,814,923
814,923,829,909
829,909,817,894
817,894,826,876
826,876,820,858
820,858,815,839
815,839,817,819
817,819,821,800
821,800,836,786
836,786,852,774
852,774,856,755
856,755,846,738
846,738,832,724
832,724,824,706
824,706,813,690
813,690,800,676
800,676,793,658
793,658,778,646
778,646,771,628
771,628,777,609
777,609,762,597
762,597,753,579
753,579,743,563
743,563,726,553
726,553,731,534
731,534,716,522
716,522,714,503
714,503,711,484
711,484,720,466
720,466,740,467
740,467,758,457
758,457,764,438
764,438,756,420
756,420,758,401
758,401,770,385
770,385,790,382
790,382,798,364
798,364,788,347
788,347,804,335
804,335,816,319
816,319,807,302
807,302,802,283
802,283,803,263
803,263,809,244
809,244,803,225
803,225,802,206
802,206,802,186
802,186,802,166
802,166,809,147
809,147,815,128
815,128,835,127
835,127,855,125
855,125,857,105
857,105,857,85
857,85,870,70
870,70,881,54
881,54,893,38
893,38,900,20
900,20,900,20
ENDSECTION
778,958,796,949
796,949,813,938
813,938,828,925
828,925,841,910
841,910,824,900
824,900,813,884
813,884,808,865
808,865,823,852
823,852,840,842
840,842,857,831
857,831,869,834
869,834,877,831
877,831,881,812
881,812,866,799
866,799,850,788
850,788,855,769
855,769,848,752
848,752,846,732
846,732,854,714
854,714,841,700
841,700,831,683
831,683,819,668
819,668,809,652
809,652,793,642
793,642,788,623
788,623,771,614
771,614,771,594
771,594,751,595
751,595,734,586
734,586,723,570
723,570,703,570
703,570,690,556
690,556,680,539
680,539,661,535
661,535,657,516
657,516,664,497
664,497,678,483
678,483,694,471
694,471,698,452
698,452,713,439
713,439,711,433
711,433,706,414
706,414,706,394
706,394,720,379
720,379,733,364
733,364,749,352
749,352,769,355
769,355,784,342
784,342,804,338
804,338,805,318
805,318,820,304
820,304,809,288
809,288,807,269
807,269,801,250
801,250,813,234
813,234,806,216
806,216,822,204
822,204,820,185
820,185,838,175
838,175,836,156
836,156,827,139
827,139,841,125
841,125,851,108
851,108,849,89
849,89,846,70
846,70,864,61
864,61,880,49
880,49,898,39
898,39,900,20
900,20,900,20
ENDSECTION
790,939,794,920
794,920,804,903
804,903,803,883
803,883,823,879
823,879,823,859
823,859,835,843
835,843,839,823
839,823,828,807
828,807,820,789
820,789,813,771
813,771,813,751
813,751,813,731
813,731,829,718
829,718,822,700
822,700,816,682
816,682,826,664
826,664,842,651
842,651,832,634
832,634,830,615
830,615,810,617
810,617,791,613
791,613,776,626
776,626,759,636
759,636,744,624
744,624,725,629
725,629,705,628
705,628,685,628
685,628,676,611
676,611,673,592
673,592,678,573
678,573,668,556
668,556,668,536
668,536,658,520
658,520,646,505
646,505,647,485
647,485,644,466
644,466,636,448
636,448,632,429
632,429,628,410
628,410,644,397
644,397,664,398
664,398,684,397
684,397,703,390
703,390,723,389
723,389,741,379
741,379,756,393
756,393,776,392
776,392,775,373
775,373,794,366
794,366,809,353
809,353,822,338
822,338,818,319
818,319,819,299
819,299,808,283
808,283,821,268
821,268,811,251
811,251,810,232
810,232,819,214
819,214,836,203
836,203,833,184
833,184,853,178
853,178,867,164
867,164,862,145
862,145,864,126
864,126,872,108
872,108,869,89
869,89,869,69
869,69,883,55
883,55,895,39
895,39,900,20
900,20,900,20
ENDSECTION
780,947,800,949
800,949,817,961
817,961,835,971
835,971,849,956
849,956,868,950
868,950,861,932
861,932,865,912
865,912,857,894
857,894,842,882
842,882,829,867
829,867,823,849
823,849,828,835
828,835,847,827
847,827,848,807
848,807,844,788
844,788,837,770
837,770,843,751
843,751,850,733
850,733,849,714
849,714,851,694
851,694,835,683
835,683,829,665
829,665,809,665
809,665,790,672
790,672,776,687
776,687,758,679
758,679,739,676
739,676,726,662
726,662,708,653
708,653,698,636
698,636,680,645
680,645,662,638
662,638,652,621
652,621,652,601
652,601,637,588
637,588,622,575
622,575,609,561
609,561,600,544
600,544,593,526
593,526,601,508
601,508,616,494
616,494,634,485
634,485,637,466
637,466,646,448
646,448,661,435
661,435,670,418
670,418,679,400
679,400,696,389
696,389,716,391
716,391,725,373
725,373,736,356
736,356,744,338
744,338,764,341
764,341,784,338
784,338,799,325
799,325,816,314
816,314,809,296
809,296,803,278
803,278,818,264
818,264,814,245
814,245,808,226
808,226,815,208
815,208,811,189
811,189,809,170
809,170,809,150
809,150,802,132
802,132,813,116
813,116,827,101
827,101,825,82
825,82,833,64
833,64,852,56
852,56,869,45
869,45,884,32
884,32,900,20
900,20,900,20
ENDSECTION
789,946,803,931
803,931,823,935
823,935,831,917
831,917,849,907
849,907,846,887
846,887,858,871
858,871,860,851
860,851,848,836
848,836,851,817
851,817,832,813
832,813,822,796
822,796,805,787
805,787,805,767
805,767,803,748
803,748,811,730
811,730,829,720
829,720,825,701
825,701,819,683
819,683,802,674
802,674,790,659
790,659,800,642
800,642,807,624
807,624,797,607
797,607,808,591
808,591,807,571
807,571,806,552
806,552,791,540
791,540,789,521
789,521,769,521
769,521,767,502
767,502,758,485
758,485,750,467
750,467,741,450
741,450,750,432
750,432,744,413
744,413,744,393
744,393,757,378
757,378,776,371
776,371,781,352
781,352,778,333
778,333,797,326
797,326,805,308
805,308,806,288
806,288,818,272
818,272,812,253
812,253,811,234
811,234,802,217
802,217,806,198
806,198,809,179
809,179,808,159
808,159,821,144
821,144,823,125
823,125,832,107
832,107,841,89
841,89,852,72
852,72,866,58
866,58,864,39
864,39,881,28
881,28,900,20
900,20,900,20
ENDSECTION
779,923,798,932
798,932,818,927
818,927,838,928
838,928,838,908
838,908,858,905
858,905,871,890
871,890,889,882
889,882,894,863
894,863,909,850
909,850,916,831
916,831,902,817
902,817,906,798
906,798,899,780
899,780,886,766
886,766,888,746
888,746,895,727
895,727,903,709
903,709,899,690
899,690,893,671
893,671,889,652
889,652,884,633
884,633,876,615
876,615,860,603
860,603,846,590
846,590,830,601
830,601,812,609
812,609,804,609
804,609,790,613
790,613,793,594
793,594,791,575
791,575,799,557
799,557,796,538
796,538,779,529
779,529,771,511
771,511,754,502
754,502,747,484
747,484,740,466
740,466,729,450
729,450,736,432
736,432,724,417
724,417,718,398
718,398,728,381
728,381,727,362
727,362,743,350
743,350,763,356
763,356,782,349
782,349,802,345
802,345,805,326
805,326,816,309
816,309,824,291
824,291,807,282
807,282,807,262
807,262,801,243
801,243,813,227
813,227,811,208
811,208,823,192
823,192,832,175
832,175,829,156
829,156,842,141
842,141,852,124
852,124,860,106
860,106,872,90
872,90,876,71
876,71,891,58
891,58,900,40
900,40,900,20
900,20,900,20
ENDSECTION
784,909,803,903
803,903,823,910
823,910,829,891
829,891,822,873
822,873,833,857
833,857,848,844
848,844,857,826
857,826,864,807
864,807,855,797
855,797,861,778
861,778,852,761
852,761,845,743
845,743,856,727
856,727,839,717
839,717,832,699
832,699,812,693
812,693,794,686
794,686,778,675
778,675,770,657
770,657,776,638
776,638,793,627
793,627,803,610
803,610,799,591
799,591,801,571
801,571,798,552
798,552,786,537
786,537,794,519
794,519,797,500
797,500,797,480
797,480,786,464
786,464,781,445
781,445,775,426
775,426,789,412
789,412,794,393
794,393,789,374
789,374,799,357
799,357,815,345
815,345,808,327
808,327,817,309
817,309,819,290
819,290,822,271
822,271,820,252
820,252,818,233
818,233,816,214
816,214,801,202
801,202,803,183
803,183,802,164
802,164,812,147
812,147,810,128
810,128,812,109
812,109,832,106
832,106,845,91
845,91,860,78
860,78,877,68
877,68,884,49
884,49,882,30
882,30,900,20
900,20,900,20
ENDSECTION
785,921,805,916
805,916,807,896
807,896,823,883
823,883,831,865
831,865,851,861
851,861,870,855
870,855,881,838
881,838,866,825
866,825,873,807
873,807,887,793
887,793,906,787
906,787,911,768
911,768,906,749
906,749,913,731
913,731,905,713
905,713,896,696
896,696,881,683
881,683,875,664
875,664,864,648
864,648,851,634
851,634,849,614
849,614,842,596
842,596,825,586
825,586,808,597
808,597,796,582
796,582,777,589
777,589,771,571
771,571,762,554
762,554,756,536
756,536,746,519
746,519,737,502
737,502,746,484
746,484,742,465
742,465,748,446
748,446,752,427
752,427,762,410
762,410,754,392
754,392,753,373
753,373,750,354
750,354,762,338
762,338,761,319
761,319,781,314
781,314,801,312
801,312,816,298
816,298,816,278
816,278,826,261
826,261,832,242
832,242,814,235
814,235,808,217
808,217,805,198
805,198,804,179
804,179,803,159
803,159,802,140
802,140,811,122
811,122,826,108
826,108,844,99
844,99,855,82
855,82,866,66
866,66,883,55
883,55,895,39
895,39,900,20
900,20,900,20
ENDSECTION
784,910,804,908
804,908,824,904
824,904,841,908
841,908,860,902
860,902,875,888
875,888,885,871
885,871,879,852
879,852,882,832
882,832,869,818
869,818,850,814
850,814,856,795
856,795,841,782
841,782,829,767
829,767,827,748
827,748,814,733
814,733,808,714
808,714,826,705
826,705,839,690
839,690,839,670
839,670,834,651
834,651,814,652
814,652,804,636
804,636,795,619
795,619,797,600
797,600,815,591
815,591,827,575
827,575,826,556
826,556,829,537
829,537,824,518
824,518,834,501
834,501,820,487
820,487,814,469
814,469,827,454
827,454,820,436
820,436,813,418
813,418,798,405
798,405,798,385
798,385,795,366
795,366,791,347
791,347,789,328
789,328,785,309
785,309,805,304
805,304,806,284
806,284,801,265
801,265,805,246
805,246,818,231
818,231,814,212
814,212,803,196
803,196,816,181
816,181,807,164
807,164,805,145
805,145,805,125
805,125,824,119
824,119,842,111
842,111,845,92
845,92,860,79
860,79,865,60
865,60,879,46
879,46,881,26
881,26,900,20
900,20,900,20
ENDSECTION
691,915,674,926
674,926,654,923
654,923,634,921
634,921,617,931
617,931,597,936
597,936,587,929
587,929,569,923
569,923,552,913
552,913,554,893
554,893,570,882
570,882,558,867
558,867,562,848
562,848,548,835
548,835,556,817
556,817,542,804
542,804,532,787
532,787,527,768
527,768,528,748
528,748,512,737
512,737,492,738
492,738,480,723
480,723,477,704
477,704,458,702
458,702,455,683
455,683,446,666
446,666,451,647
451,647,459,629
459,629,457,610
457,610,451,591
451,591,449,572
449,572,459,555
459,555,475,542
475,542,489,528
489,528,507,518
507,518,524,508
524,508,537,493
537,493,550,478
550,478,564,464
564,464,581,475
581,475,598,487
598,487,614,500
614,500,634,500
634,500,654,503
654,503,672,494
672,494,686,480
686,480,705,474
705,474,721,462
721,462,733,446
733,446,753,441
753,441,770,431
770,431,768,412
768,412,762,394
762,394,755,376
755,376,754,356
754,356,761,337
761,337,781,337
781,337,795,323
795,323,810,310
810,310,816,291
816,291,813,272
813,272,807,254
807,254,809,235
809,235,805,216
805,216,809,197
809,197,810,177
810,177,805,158
805,158,807,138
807,138,806,119
806,119,810,100
810,100,830,99
830,99,835,80
835,80,855,76
855,76,875,72
875,72,888,57
888,57,892,38
892,38,900,20
900,20,900,20
ENDSECTION
783,927,801,917
801,917,821,915
821,915,838,904
838,904,838,884
838,884,843,865
843,865,828,852
828,852,843,839
843,839,858,825
858,825,860,805
860,805,877,794
877,794,886,777
886,777,905,769
905,769,915,752
915,752,920,733
920,733,918,714
918,714,914,695
914,695,905,678
905,678,893,663
893,663,899,644
899,644,901,624
901,624,895,605
895,605,889,587
889,587,898,569
898,569,890,551
890,551,902,535
902,535,897,516
897,516,887,500
887,500,881,480
881,480,879,461
879,461,879,441
879,441,871,423
871,423,864,405
864,405,856,387
856,387,838,395
838,395,828,378
828,378,809,375
809,375,804,356
804,356,795,339
795,339,791,320
791,320,806,307
806,307,807,287
807,287,801,269
801,269,801,249
801,249,804,230
804,230,809,211
809,211,803,193
803,193,804,173
804,173,802,154
802,154,806,135
806,135,801,116
801,116,818,106
818,106,815,87
815,87,831,74
831,74,851,76
851,76,867,63
867,63,867,43
867,43,883,31
883,31,900,20
900,20,900,20
ENDSECTION
785,944,805,950
805,950,818,966
818,966,838,960
838,960,850,943
850,943,841,926
841,926,859,916
859,916,849,899
849,899,835,886
835,886,815,882
815,882,804,866
804,866,814,849
814,849,820,830
820,830,834,816
834,816,835,796
835,796,854,788
854,788,870,776
870,776,862,758
862,758,860,739
860,739,846,726
846,726,831,713
831,713,834,693
834,693,843,675
843,675,855,659
855,659,850,640
850,640,830,642
830,642,814,631
814,631,817,612
817,612,812,593
812,593,793,596
793,596,779,583
779,583,780,563
780,563,760,563
760,563,740,563
740,563,728,548
728,548,709,554
709,554,696,540
696,540,684,525
684,525,669,513
669,513,677,495
677,495,667,479
667,479,652,467
652,467,656,448
656,448,672,436
672,436,690,426
690,426,698,408
698,408,705,389
705,389,720,375
720,375,728,357
728,357,743,344
743,344,761,335
761,335,780,327
780,327,800,322
800,322,810,305
810,305,808,286
808,286,806,267
806,267,803,248
803,248,820,238
820,238,810,221
810,221,802,203
802,203,804,184
804,184,803,165
803,165,801,146
801,146,813,130
813,130,830,119
830,119,848,110
848,110,863,97
863,97,862,78
862,78,858,59
858,59,876,50
876,50,892,38
892,38,900,20
900,20,900,20
ENDSECTION
778,956,797,949
797,949,816,941
816,941,834,931
834,931,844,949
844,949,861,939
861,939,860,919
860,919,877,920
877,920,869,902
869,902,851,894
851,894,842,877
842,877,834,859
834,859,844,842
844,842,835,825
835,825,850,812
850,812,859,794
859,794,861,774
861,774,849,759
849,759,841,741
841,741,838,722
838,722,837,702
837,702,828,685
828,685,840,675
840,675,826,661
826,661,807,665
807,665,787,662
787,662,769,670
769,670,763,651
763,651,747,640
747,640,753,631
753,631,739,617
739,617,725,604
725,604,736,588
736,588,738,568
738,568,745,550
745,550,755,533
755,533,765,516
765,516,770,497
770,497,775,478
775,478,764,462
764,462,756,445
756,445,760,426
760,426,752,408
752,408,746,390
746,390,742,371
742,371,761,365
761,365,781,361
781,361,797,349
797,349,796,330
796,330,811,317
811,317,807,298
807,298,803,279
803,279,813,262
813,262,823,245
823,245,809,231
809,231,803,212
803,212,819,200
819,200,812,182
812,182,824,166
824,166,842,156
842,156,851,138
851,138,869,130
869,130,874,111
874,111,881,93
881,93,892,77
892,77,894,58
894,58,896,39
896,39,900,20
900,20,900,20
ENDSECTION
773,968,792,961
792,961,811,969
811,969,819,951
819,951,839,952
839,952,844,932
844,932,851,913
851,913,860,895
860,895,856,876
856,876,837,881
837,881,824,867
824,867,811,853
811,853,812,833
812,833,805,815
805,815,822,804
822,804,833,788
833,788,834,768
834,768,824,751
824,751,813,735
813,735,814,715
814,715,815,695
815,695,796,690
796,690,778,682
778,682,758,683
758,683,744,697
744,697,725,693
725,693,709,682
709,682,704,663
704,663,690,650
690,650,693,630
693,630,688,611
688,611,678,595
678,595,666,580
666,580,653,566
653,566,637,555
637,555,622,542
622,542,630,524
630,524,619,508
619,508,634,495
634,495,651,485
651,485,655,466
655,466,649,448
649,448,664,434
664,434,672,416
672,416,692,423
692,423,709,413
709,413,725,400
725,400,745,396
745,396,756,379
756,379,759,360
759,360,779,355
779,355,795,343
795,343,807,327
807,327,811,308
811,308,808,289
808,289,804,270
804,270,804,250
804,250,818,235
818,235,808,218
808,218,824,205
824,205,842,196
842,196,843,176
843,176,853,159
853,159,863,142
863,142,865,123
865,123,871,104
871,104,890,97
890,97,894,78
894,78,894,58
894,58,897,39
897,39,900,20
900,20,900,20
ENDSECTION
693,924,673,926
673,926,660,941
660,941,642,934
642,934,622,936
622,936,605,927
605,927,589,917
589,917,599,900
599,900,581,893
581,893,563,886
563,886,544,883
544,883,532,868
532,868,533,848
533,848,524,831
524,831,507,835
507,835,498,818
498,818,510,802
510,802,520,784
520,784,522,764
522,764,537,751
537,751,555,741
555,741,559,722
559,722,549,705
549,705,542,687
542,687,527,675
527,675,523,656
523,656,531,638
531,638,523,620
523,620,503,620
503,620,495,603
495,603,493,584
493,584,485,566
485,566,476,549
476,549,474,530
474,530,493,524
493,524,511,515
511,515,519,497
519,497,526,479
526,479,532,460
532,460,546,446
546,446,563,435
563,435,579,423
579,423,595,411
595,411,604,393
604,393,612,375
612,375,616,356
616,356,634,347
634,347,650,360
650,360,670,357
670,357,686,345
686,345,700,361
700,361,720,358
720,358,739,351
739,351,751,335
751,335,770,327
770,327,784,312
784,312,802,302
802,302,819,291
819,291,819,271
819,271,805,258
805,258,812,240
812,240,824,224
824,224,840,212
840,212,855,198
855,198,850,179
850,179,849,160
849,160,863,146
863,146,877,132
877,132,876,113
876,113,879,94
879,94,872,76
872,76,871,57
871,57,869,38
869,38,880,21
880,21,900,20
900,20,900,20
ENDSECTION
790,937,807,926
807,926,827,921
827,921,838,904
838,904,826,894
826,894,844,885
844,885,856,869
856,869,876,864
876,864,889,849
889,849,909,849
909,849,912,829
912,829,905,811
905,811,896,794
896,794,912,781
912,781,918,762
918,762,937,754
937,754,947,737
947,737,952,718
952,718,943,701
943,701,943,681
943,681,938,662
938,662,936,643
936,643,916,644
916,644,911,640
911,640,898,626
898,626,904,607
904,607,902,588
902,588,894,570
894,570,883,554
883,554,875,536
875,536,885,519
885,519,885,499
885,499,875,482
875,482,858,473
858,473,853,454
853,454,844,437
844,437,830,424
830,424,811,420
811,420,800,404
800,404,797,385
797,385,787,368
787,368,780,350
780,350,789,332
789,332,803,317
803,317,816,302
816,302,809,284
809,284,805,265
805,265,802,246
802,246,804,227
804,227,802,208
802,208,802,188
802,188,802,168
802,168,808,149
808,149,813,130
813,130,809,111
809,111,816,92
816,92,829,77
829,77,841,61
841,61,861,62
861,62,873,46
873,46,891,38
891,38,900,20
900,20,900,20
ENDSECTION
706,967,688,975
688,975,669,982
669,982,649,979
649,979,646,962
646,962,635,946
635,946,617,955
617,955,603,970
603,970,584,966
584,966,564,966
564,966,545,963
545,963,534,946
534,946,515,941
515,941,497,933
497,933,480,923
480,923,463,913
463,913,445,907
445,907,436,890
436,890,419,880
419,880,423,860
423,860,419,841
419,841,402,831
402,831,398,812
398,812,387,800
387,800,376,784
376,784,373,765
373,765,389,753
389,753,386,734
386,734,380,716
380,716,364,705
364,705,363,685
363,685,344,679
344,679,338,661
338,661,319,664
319,664,317,645
317,645,316,625
316,625,314,605
314,605,301,591
301,591,305,572
305,572,300,553
300,553,303,534
303,534,316,519
316,519,336,526
336,526,350,511
350,511,354,492
354,492,365,476
365,476,377,460
377,460,396,468
396,468,413,480
413,480,430,469
430,469,444,455
444,455,460,443
460,443,480,438
480,438,484,419
484,419,504,415
504,415,520,402
520,402,532,386
532,386,551,378
551,378,571,378
571,378,586,365
586,365,603,376
603,376,618,363
618,363,634,351
634,351,653,344
653,344,672,352
672,352,692,346
692,346,712,343
712,343,732,345
732,345,750,336
750,336,770,331
770,331,783,316
783,316,800,306
800,306,818,296
818,296,812,278
812,278,802,261
802,261,805,242
805,242,809,223
809,223,808,204
808,204,814,185
814,185,816,166
816,166,808,148
808,148,810,129
810,129,826,117
826,117,827,97
827,97,838,81
838,81,851,66
851,66,856,47
856,47,875,40
875,40,895,39
895,39,900,20
900,20,900,20
ENDSECTION
788,920,808,914
808,914,819,898
819,898,832,883
832,883,827,863
827,863,843,851
843,851,854,834
854,834,843,818
843,818,851,800
851,800,848,780
848,780,853,761
853,761,834,755
834,755,827,737
827,737,824,718
824,718,808,708
808,708,808,688
808,688,798,671
798,671,780,680
780,680,765,668
765,668,750,681
750,681,732,674
732,674,714,667
714,667,702,652
702,652,684,645
684,645,683,625
683,625,670,611
670,611,668,592
668,592,655,577
655,577,638,568
638,568,641,548
641,548,650,530
650,530,649,510
649,510,658,492
658,492,647,476
647,476,638,459
638,459,654,446
654,446,669,433
669,433,689,435
689,435,699,418
699,418,716,408
716,408,735,400
735,400,749,386
749,386,755,367
755,367,775,368
775,368,793,360
793,360,786,342
786,342,799,327
799,327,811,311
811,311,804,293
804,293,804,273
804,273,810,254
810,254,803,236
803,236,809,217
809,217,801,199
801,199,816,185
816,185,803,171
803,171,806,152
806,152,804,133
804,133,809,114
809,114,829,111
829,111,841,95
841,95,843,76
843,76,854,59
854,59,871,48
871,48,886,34
886,34,900,20
900,20,900,20
ENDSECTION
703,916,683,916
683,916,668,930
668,930,652,919
652,919,633,923
633,923,615,916
615,916,595,916
595,916,576,913
576,913,557,918
557,918,537,915
537,915,520,906
520,906,507,891
507,891,489,883
489,883,469,881
469,881,474,862
474,862,458,852
458,852,461,832
461,832,461,812
461,812,471,795
471,795,466,784
466,784,462,765
462,765,478,753
478,753,495,742
495,742,514,734
514,734,531,723
531,723,547,711
547,711,565,701
565,701,585,696
585,696,604,688
604,688,624,684
624,684,625,664
625,664,644,657
644,657,646,637
646,637,635,621
635,621,629,603
629,603,646,592
646,592,640,574
640,574,636,555
636,555,628,537
628,537,631,518
631,518,639,500
639,500,655,488
655,488,671,502
671,502,689,493
689,493,709,497
709,497,725,485
725,485,737,469
737,469,736,450
736,450,755,442
755,442,770,428
770,428,761,411
761,411,776,398
776,398,791,385
791,385,800,367
800,367,820,362
820,362,823,343
823,343,834,327
834,327,821,313
821,313,819,294
819,294,803,283
803,283,814,266
814,266,811,247
811,247,802,230
802,230,812,213
812,213,819,194
819,194,815,175
815,175,802,161
802,161,812,144
812,144,818,125
818,125,818,105
818,105,824,86
824,86,841,75
841,75,861,78
861,78,867,59
867,59,877,42
877,42,880,23
880,23,900,20
900,20,900,20
ENDSECTION
696,910,682,924
682,924,674,926
674,926,660,913
660,913,644,925
644,925,639,945
639,945,622,956
622,956,613,974
613,974,597,962
597,962,577,960
577,960,558,955
558,955,539,952
539,952,519,950
519,950,500,945
500,945,504,925
504,925,487,916
487,916,483,897
483,897,475,879
475,879,463,866
463,866,448,854
448,854,444,835
444,835,434,819
434,819,449,805
449,805,461,789
461,789,475,775
475,775,489,761
489,761,505,748
505,748,498,730
498,730,483,717
483,717,466,707
466,707,450,696
450,696,440,679
440,679,422,671
422,671,415,653
415,653,426,637
426,637,411,625
411,625,416,606
416,606,407,589
407,589,406,569
406,569,425,562
425,562,434,544
434,544,448,530
448,530,465,519
465,519,485,517
485,517,505,512
505,512,523,503
523,503,540,493
540,493,546,474
546,474,559,459
559,459,552,441
552,441,554,421
554,421,569,407
569,407,587,416
587,416,607,421
607,421,624,410
624,410,643,403
643,403,653,386
653,386,671,377
671,377,683,361
683,361,702,368
702,368,722,374
722,374,742,372
742,372,759,361
759,361,765,342
765,342,781,330
781,330,801,325
801,325,806,306
806,306,801,287
801,287,812,270
812,270,811,250
811,250,809,231
809,231,808,211
808,211,811,192
811,192,802,175
802,175,803,155
803,155,804,135
804,135,801,116
801,116,802,96
802,96,801,77
801,77,817,65
817,65,835,57
835,57,855,59
855,59,869,45
869,45,883,31
883,31,900,20
900,20,900,20
ENDSECTION
706,922,686,924
686,924,669,915
669,915,662,934
662,934,642,937
642,937,623,933
623,933,605,941
605,941,590,929
590,929,581,912
581,912,570,896
570,896,570,876
570,876,554,865
554,865,537,855
537,855,524,841
524,841,510,827
510,827,490,826
490,826,476,840
476,840,457,835
457,835,448,818
448,818,428,815
428,815,431,796
431,796,428,777
428,777,416,762
416,762,426,745
426,745,412,731
412,731,419,712
419,712,423,693
423,693,420,673
420,673,402,665
402,665,390,650
390,650,394,631
394,631,413,623
413,623,414,603
414,603,423,585
423,585,435,569
435,569,451,556
451,556,471,554
471,554,473,534
473,534,488,521
488,521,487,501
487,501,500,486
500,486,520,490
520,490,538,500
538,500,558,501
558,501,563,482
563,482,580,471
580,471,590,454
590,454,610,453
610,453,625,440
625,440,640,455
640,455,656,468
656,468,671,455
671,455,683,439
683,439,701,430
701,430,718,419
718,419,728,402
728,402,735,383
735,383,755,386
755,386,775,383
775,383,776,363
776,363,794,353
794,353,809,339
809,339,804,320
804,320,821,310
821,310,812,293
812,293,805,275
805,275,803,256
803,256,805,236
805,236,806,216
806,216,806,196
806,196,801,177
801,177,809,159
809,159,821,143
821,143,836,129
836,129,838,110
838,110,857,102
857,102,869,86
869,86,879,69
879,69,875,50
875,50,890,37
890,37,900,20
900,20,900,20
ENDSECTION
789,930,797,911
797,911,815,901
815,901,827,885
827,885,833,866
833,866,830,847
830,847,817,833
817,833,817,813
817,813,819,793
819,793,834,780
834,780,829,761
829,761,824,742
824,742,829,723
829,723,814,711
814,711,801,697
801,697,781,696
781,696,763,690
763,690,768,671
768,671,751,662
751,662,736,650
736,650,735,630
735,630,723,615
723,615,708,603
708,603,712,584
712,584,720,566
720,566,740,563
740,563,739,544
739,544,752,529
752,529,758,510
758,510,764,491
764,491,773,473
773,473,790,462
790,462,785,443
785,443,788,424
788,424,799,408
799,408,791,390
791,390,792,370
792,370,796,351
796,351,797,331
797,331,810,316
810,316,828,307
828,307,837,289
837,289,834,270
834,270,828,251
828,251,839,234
839,234,835,215
835,215,824,199
824,199,805,195
805,195,807,176
807,176,818,159
818,159,803,147
803,147,806,128
806,128,819,113
819,113,822,94
822,94,841,86
841,86,837,67
837,67,855,58
855,58,874,50
874,50,887,35
887,35,900,20
900,20,900,20
ENDSECTION
